<keymap version="1" name="macOS copy" parent="Mac OS X 10.5+">
  <action id="CodeCompletion">
    <keyboard-shortcut first-keystroke="ctrl space" />
    <keyboard-shortcut first-keystroke="meta enter" />
  </action>
  <action id="Console.Execute.Multiline" />
  <action id="Console.SplitLine" />
  <action id="DirDiffMenu.SynchronizeDiff.All" />
  <action id="EditorSplitLine" />
  <action id="FileChooser.TogglePathBar" />
  <action id="FindUsages">
    <keyboard-shortcut first-keystroke="meta r" />
  </action>
  <action id="Github.PullRequest.Comments.Reload" />
  <action id="Github.PullRequest.Details.Reload" />
  <action id="ParameterInfo" />
  <action id="Refactorings.QuickListPopupAction">
    <keyboard-shortcut first-keystroke="meta p" />
  </action>
  <action id="ReformatCode">
    <keyboard-shortcut first-keystroke="meta alt l" />
    <keyboard-shortcut first-keystroke="alt l" />
  </action>
  <action id="Refresh" />
  <action id="Replace" />
  <action id="Rerun" />
  <action id="SplitChooser.Duplicate" />
  <action id="Svn.RefreshWorkingCopies" />
  <action id="Terminal.SmartCommandExecution.Run" />
  <action id="Vcs.Log.Refresh" />
  <action id="ViewSource" />
</keymap>